Date,Narration,Debit Amount,Credit Amount,Closing Balance
01/08/2026,Monthly Salary Credit Infosys,,85000.00,124500.00
02/08/2026,Swiggy Bangalore Urban,480.00,,124020.00
03/08/2026,Uber India Trip Koramangala,320.00,,123700.00
04/08/2026,Amazon Retail Online Order,3450.00,,120250.00
05/08/2026,Bescom Electricity Bill Payment,1850.00,,118400.00
06/08/2026,Zomato Food Delivery Indiranagar,620.00,,117780.00
08/08/2026,Apollo Pharmacy Health Meds,890.00,,116890.00
10/08/2026,Netflix Subscription Monthly,649.00,,116241.00
12/08/2026,Blinkit Instant Groceries,1240.00,,115001.00
15/08/2026,Freelance UI UX Design Milestone,,18000.00,133001.00
16/08/2026,Airtel Broadband Wi-Fi Bill,1179.00,,131822.00
18/08/2026,Zara Clothing Store Orion Mall,4200.00,,127622.00
20/08/2026,HPCL Auto Fuel Petrol,2000.00,,125622.00
22/08/2026,BookMyShow PVR Cinemas,950.00,,124672.00
24/08/2026,Cult.fit Fitness Gym Pass,2200.00,,122472.00
25/08/2026,Starbucks Coffee Whitefield,380.00,,122092.00
26/08/2026,Zerodha Mutual Fund SIP,15000.00,,107092.00
