Txn Date,Description,Dr Amount,Cr Amount,Balance
01-08-2026,Salary Credit Tech Mahindra,,72000.00,98500.00
03-08-2026,Rent Payment to Landlord,20000.00,,78500.00
05-08-2026,Flipkart Internet Pvt Ltd,2890.00,,75610.00
07-08-2026,Swiggy Food Order,550.00,,75060.00
09-08-2026,BPCL Petrol Pump,1800.00,,73260.00
11-08-2026,Spotify India Monthly,179.00,,73081.00
14-08-2026,Tata Power Electricity,1450.00,,71631.00
17-08-2026,Medplus Pharmacy Store,780.00,,70851.00
19-08-2026,Ola Cabs Ride,340.00,,70511.00
21-08-2026,Groww Mutual Fund SIP,10000.00,,60511.00
23-08-2026,Zepto Fast Grocery,920.00,,59591.00
25-08-2026,Dividend Credit TCS,,1400.00,60991.00
